hosID,avPayments,dischargeNum,avCharges
10001,4355.909091,22,18370.04545
10005,3722.75,16,7359.25
10006,3399,12,17519.5
10011,3469.466667,15,11448.86667
10016,3538.809524,21,20000.52381
10019,3573.5,12,9934.75
10023,4274.066667,15,11794.6
10024,3579.342105,38,14875.28947
10025,3782.642857,14,6548.857143
10029,3575.411765,17,6617.705882
10033,5607.043478,23,16388.21739
10035,3493.857143,14,14350.28571
10039,4176,31,15533.16129
10055,3351.434783,23,21893.04348
10056,4499.964286,28,10078.25
10078,3431.5,16,13269.8125
10079,3815.75,12,11025.16667
10085,3494.75,16,7179.5625
10086,3633,12,8661.666667
10090,3294.866667,15,10256.46667
10092,5386.205128,39,20305.12821
10100,3108,12,12325.33333
10103,3788.526316,19,28974.57895
10104,3626.636364,11,16593.63636
10113,3588.282051,39,13358.94872
10131,3549.470588,17,23087.35294
10139,3506.689655,29,42766.93103
10144,3091,11,5845.090909
30002,4856.785714,14,25253.42857
30006,4360.32,25,15727.68
30011,4004.363636,22,17723.68182
30012,4608.269231,26,12371.5
30013,4314.263158,19,16385.15789
30016,4444.307692,13,16882.61538
30036,4170.538462,13,24653.61538
30038,4195.285714,14,16894.35714
30055,5137.681818,22,14135.13636
30061,3712.59375,32,24281.84375
30062,11700.09091,11,12476.72727
30065,4289.466667,15,17380.8
30069,4501.789474,19,22690.78947
30085,3812.727273,33,17639.9697
30087,4259.736842,19,16653.42105
30088,3807.658537,41,18803.73171
30093,4040.324324,37,21819.45946
30103,5040.655172,29,12334.31034
30114,3481.5,26,16042.88462
30115,5331.153846,13,20288.53846
30121,4312,13,25485.38462
30122,4723.6875,16,18259.75
30123,4358.636364,11,18749.45455
40004,3728.421053,19,8198.684211
40007,4009.236842,38,16476.28947
40014,3470.823529,17,10842.29412
40020,3900,15,5034.2
40022,3725.444444,18,19068.22222
40026,3599.090909,22,15825.68182
40027,3391.666667,33,5905.878788
40029,3700,18,9160.944444
40036,3711.538462,26,12504.42308
40039,4080,15,10794.53333
40041,3764.388889,18,20803.38889
40042,4613.333333,12,12742.58333
40062,3361.076923,13,18771.38462
40071,4029.619048,21,16171.71429
40076,3874.727273,11,7693.818182
40114,3641.613636,44,12000.59091
40118,3825.166667,12,14669.58333
50007,5839.529412,17,25500.41176
50009,5314.777778,18,37184.94444
50016,4216.117647,17,17832.58824
50022,6197.625,16,36934.875
50025,7287.4375,16,14902
50026,4935.227273,22,28767.36364
50030,5034.571429,14,19773
50036,4885.545455,11,23187.81818
50039,4365.73913,23,25099.26087
50043,6721.684211,19,34254.10526
50045,5443.3,20,27803.15
50047,7889.56,25,36035.52
50056,5336,14,12457.14286
50057,4914,33,23981.06061
50058,6195.263158,19,25851.15789
50063,7136,11,36479.36364
50069,4618.25,24,22172.125
50077,5728.136364,22,23411.18182
50078,4739.454545,11,33199.09091
50082,5437.588235,17,23464.76471
50084,5394.882353,17,39251.05882
50089,6408.090909,11,17793.27273
50093,5081.754386,57,20255.80702
50099,4432.473684,19,27124.52632
50100,5234.52,25,34835.32
50107,5000,18,19467.22222
50108,5571.9,20,26910.25
50112,5503.5,12,31110.83333
50115,4274.076923,13,26681.92308
50116,5272.357143,14,30269.42857
50121,5149.394737,38,21789.94737
50124,4205,12,17009.91667
50125,8466.466667,15,45853.26667
50128,5115.151515,33,21079.09091
50133,4917.04,25,27494.2
50145,4979.2,20,33676.95
50150,4590,16,23425.1875
50153,7204.809524,21,42820.04762
50168,4238.272727,22,24184.95455
50169,6614.692308,13,40329.69231
50174,5488.65625,32,28120.375
50180,4984,23,42154.78261
50195,6171.954545,22,43518.09091
50197,5100.785714,14,40262.71429
50222,5290.166667,12,47529.91667
50224,5146.78,50,16683.02
50226,6910.357143,14,31724.92857
50228,9470.454545,11,37655.63636
50232,4276.4,20,25474.4
50235,5564.866667,15,41086.86667
50238,4575.785714,14,21232.92857
50239,6179.866667,15,31016.33333
50242,7576.384615,13,45600.46154
50243,7885.083333,24,42748
50261,5279,14,21912.35714
50262,9479.722222,18,34534.83333
50272,4387,12,23161.75
50278,5031.166667,12,40121.41667
50280,5345.44,25,28413.56
50283,5350,18,53097
50290,4168.24,25,21418.36
50295,4367.5,12,27023.16667
50300,4796.266667,15,29718.86667
50301,4844,13,19680.61538
50308,5260.103448,29,37783.75862
50309,4668.428571,14,32105
50324,4017.043478,23,20777.17391
50327,7265.363636,11,15760.18182
50334,5610.85,20,25281.75
50335,5567,12,36052.33333
50336,4802,17,69077.58824
50342,5254.75,12,25157.66667
50351,4364.222222,27,26802.59259
50353,5092.424242,33,39843.12121
50360,6401.130435,23,37003.34783
50367,6416.384615,13,59843.76923
50380,5715.25,28,39053.71429
50382,5828,13,19417.38462
50394,4359.105263,19,21226.73684
50396,4748.75,36,14273.75
50414,4434,12,31666.58333
50438,4925.590909,22,25234.68182
50441,9496.586207,29,40985.51724
50444,5684.545455,11,27007.45455
50448,5404,11,20703.63636
50454,9218.444444,18,34834.77778
50455,4813.538462,13,24575.07692
50457,6466.909091,11,38170.45455
50481,4543.894737,19,39981.10526
50485,5301.571429,21,21525.7619
50492,5592.533333,15,22547.13333
50498,4626.769231,13,23495.46154
50506,5653,14,37070.92857
50549,4949.064516,31,28223.29032
50557,4674.2,20,31301.6
50567,4246,28,25738.60714
50570,6749.789474,19,30803.26316
50573,4302.029851,67,34798.80597
50581,4742.538462,13,33447.76923
50590,5983.615385,13,33116.38462
50597,4522.181818,11,19632.18182
50603,4484.913043,23,30907.65217
50616,4177.166667,24,25354.95833
50624,4283,15,44639.13333
50625,6835.311475,61,47661.47541
50633,4542.37037,27,61381.92593
50636,4013,19,22559.31579
50701,4530.136364,22,16784.18182
50737,6937,15,47634.73333
50739,5332.571429,14,26393.28571
50761,4439.866667,15,40316.8
60001,4429.333333,24,16195.08333
60003,3787,18,17004.77778
60009,4052.375,16,22538.1875
60010,3804.291667,24,11962.25
60016,4359.2,15,12306.13333
60020,4366.866667,15,22527.13333
60022,4160.731707,41,17733.53659
60023,4402.066667,30,12163.7
60024,7027.833333,12,19394.33333
60027,3664.2,15,20315.8
60030,3698,15,14450.6
60031,3765.435897,39,17032.69231
60032,6198.588235,17,27246.70588
60034,3997,16,28961.25
60071,3816.695652,23,9029.347826
60112,4150.545455,11,27776.36364
60113,3700.6,15,23565.06667
60119,4178.789474,19,13078.10526
70001,5770.935484,31,16328.64516
70002,5689.222222,36,15584.05556
70003,4187.166667,12,8849.666667
70004,5776,12,9753.083333
70005,5068.125,24,19624.25
70006,5050.647059,17,20013.47059
70007,4439.466667,15,12738.86667
70010,6003.956522,23,16875.73913
70012,4175,18,13409.5
70016,5567.307692,13,9278.307692
70017,4892.714286,14,12291.07143
70018,4610,29,17538.44828
70020,4568.954545,44,21033.45455
70021,5619.615385,13,11888.30769
70022,7290.861111,36,22940.75
70024,4328.173913,23,12616.43478
70025,5980.969697,33,16255.24242
70027,4237.153846,26,10297.19231
70028,5301.2,45,13471.37778
70031,4999.181818,11,15756
70033,5580.566667,60,14466.51667
70034,5158.971429,35,13942.88571
70035,5148.391304,46,13868.69565
70036,7417.076923,13,11790.46154
80001,5050.877551,98,10575.47959
80004,4303.34375,32,11534.0625
80007,4986.906977,43,16589.93023
90001,5849,23,20147.73913
90005,3769.036364,55,10576.47273
90006,5363.307692,13,14243.61538
90011,5709.121212,33,16746.30303
100002,4211.354839,31,23088.16129
100006,4613.307692,39,22583.17949
100007,4203.145455,110,22262.63636
100008,6680.428571,35,25960.85714
100009,5036.133333,15,30527.2
100012,4435.87931,58,16530.41379
100017,4163.935484,31,11758.64516
100018,3929.447761,67,16844.31343
100019,3383.833333,42,18998.28571
100022,8725.888889,18,22140.44444
100023,3348,28,13778.46429
100025,4031.833333,18,13135.72222
100026,3578.5,26,10726.26923
100028,4680.875,16,15860
100029,5012.818182,22,36618.95455
100030,3897.75,12,16350.91667
100034,5198.75,24,26799.91667
100035,5134.941176,17,18383.29412
100038,4441.272727,22,29587.72727
100040,4128.674419,43,18898.60465
100044,3764.037037,54,28645.72222
100045,3686,17,17002.70588
100046,3483,14,23277.71429
100047,3339.421053,19,18254.57895
100051,3594.15,20,23675.4
100052,3813.627907,43,20130.93023
100057,3663.142857,56,18288.28571
100061,4634.636364,22,21177.27273
100062,3548.95,40,17582.625
100063,3355,13,15848.53846
100068,3501.454545,11,14468.18182
100070,3389,62,19335.87097
100071,3830.571429,14,26687.07143
100072,3725.933333,15,15740.8
100073,3646.84375,32,20743.59375
100075,4261.105263,38,18032.07895
100076,5275.952381,21,21302.38095
100080,4127.034483,29,37082.31034
100084,3526.548387,31,18312.12903
100087,3592.265625,64,15615.70313
100088,3893.548387,31,18896
100090,4393.822222,45,21684.53333
100092,3617.148148,27,19893.14815
100093,3438.833333,12,15500.75
100102,3470.454545,11,14591.72727
100105,3803.609756,41,9631.585366
100109,3671,30,16912.56667
100110,4021,12,36996
100117,3312.411765,17,17566.52941
100118,4580.375,16,17145.1875
100122,3573.142857,21,36025.66667
100126,3428.4,15,26341.8
100127,3651,19,15208.78947
100128,5438,12,36842.66667
100131,3943.407407,27,31553
100132,4229.833333,12,19785.83333
100135,4507.714286,14,14790.35714
100137,3747,13,26751.92308
100140,3525,11,15105.90909
100151,5091.969697,33,10780.87879
100154,4141.4,15,31822.4
100156,4345,13,29772.23077
100157,3809.75,44,22828.68182
100161,3648.066667,15,26075.8
100166,3388.055556,18,28824.16667
100167,4974.466667,15,34884.4
100168,3676.86,50,13145.22
100173,3577,16,18596.25
100176,3780.371429,35,20343.54286
100177,3406.058824,17,14478.29412
100179,3617.84,25,36031.48
100183,5153,14,49137.92857
100187,5220,20,34099.1
100191,3424.842105,19,37755.42105
100204,3806.966102,59,37490.0339
100206,3452.833333,12,14682.25
100209,4949.866667,15,33755.06667
100212,3284.2,20,25321.25
100213,3561.589744,39,25863.46154
100217,3569.3,20,28892.75
100220,3600.909091,22,17285.18182
100223,3461.272727,11,39788.90909
100224,3643.846154,13,39711.46154
100226,3800.588235,17,40807
100228,3621.413793,29,32014.41379
100231,3328.894737,19,25418.68421
100236,3515.192308,26,29630.69231
100238,4022.166667,12,33558.83333
100242,3711.095238,21,41843.85714
100243,3877.6,20,27772.65
100244,3484.4,35,16456.22857
100248,3673.384615,13,30987.69231
100249,3473.416667,12,23807.25
100253,4265.115385,26,20702.15385
100254,4619.521739,23,30654.26087
100256,3354,21,27074.52381
100258,3649.546875,64,31069.875
100259,3405.458333,24,33002.45833
100260,3861.5,24,32140.04167
100264,3352,28,34382.82143
100265,3268.681818,22,14648.81818
100266,3294.5,16,16488.0625
100267,3386,21,30645.42857
100268,3858,18,22027.27778
100275,4274.923077,26,20605.92308
100281,6087.111111,18,33222.88889
100284,6054.103448,29,14591.41379
100286,3612.961538,26,22477.76923
100287,3842.5,20,26967.7
100289,3743.333333,18,16203.22222
100290,3371,96,16684.57292
100292,3929.785714,14,14639.64286
100296,6459.272727,11,25044.54545
110003,3605.083333,12,11134
110005,4269.238095,21,17502.71429
110006,3865.388889,18,14838
110007,4521.857143,14,17304.14286
110010,5957.461538,13,13947.38462
110011,3705,13,12205
110016,3755.125,16,9398.8125
110018,3837.8125,16,10235.1875
110024,3879.882353,17,17823
110025,4878.48,25,11761.92
110028,4197.272727,33,16839.48485
110029,3960.71875,32,13160
110031,4378.178571,28,21454.32143
110032,3544.307692,13,11137.84615
110034,5907.818182,11,11317.27273
110035,3995.818182,33,17652.63636
110036,4508.375,16,12496.8125
110038,3565.25,12,14205.41667
110043,3420.157895,19,16908.47368
110054,4838.619048,21,18420.28571
110069,4072.32,25,12921.8
110074,4193.517241,29,17482.03448
110075,4025,13,15091.15385
110076,4210.72,25,11340.8
110082,3466.787879,33,12232.87879
110083,3668.076923,13,13941.07692
110087,3980.2,20,17863.45
110089,3400.727273,11,12351.36364
110107,4555.25,16,12755.8125
110122,4401.2,15,12461.8
110129,3456.333333,18,11646.22222
110132,3782.588235,17,9505.823529
110161,4371.307692,13,18390.53846
110163,3684.666667,12,18794.91667
110164,3873.83871,31,16948.12903
110165,4848.058824,17,16316.17647
110168,4021.3125,16,16583.25
110184,4033.75,12,20206.08333
110191,3853.428571,14,14205
110192,4065.363636,11,17982.18182
110215,3546,17,13559.47059
110230,3668.3125,16,8813
120001,5703.419355,31,12690.3871
120002,8044.363636,11,9488.272727
120007,4904.416667,24,14632.70833
120022,4626.133333,15,15281
120026,5093.7,20,14694.1
130002,3752,14,8409.642857
130006,4092.923077,39,12431.66667
130007,4127.896552,29,11972.65517
130018,3954.962963,27,9846.407407
140002,3501.333333,12,14179.33333
140007,4038.0625,16,22321.25
140010,4970.21,100,16282.67
140011,3643.666667,15,13962
140012,4009.25,12,18698.25
140013,3830.380952,21,12716.28571
140015,4229.740741,27,13018.77778
140029,5632.095238,21,24909.28571
140030,4524.466667,30,21123.76667
140032,3623.521739,23,8316.652174
140034,3784.454545,11,14862.27273
140043,3763.909091,11,14344.81818
140048,4922.357143,14,15838.14286
140051,4761.15,20,15074.2
140053,4224.533333,15,12069.13333
140058,3981,14,14531.14286
140062,4269.457143,35,21504.97143
140064,4784.153846,13,11303.69231
140067,4208.516129,31,15429.16129
140080,7802.727273,11,19426.72727
140082,5227.230769,13,13875.07692
140084,4432.3,20,28166.15
140088,7917.47619,21,30533.7619
140091,4131.625,16,15750.0625
140093,3887.538462,13,21355.46154
140101,5449.571429,14,15556.78571
140114,6131.08,25,23704.92
140116,3687,14,12213.28571
140117,4741.916667,24,20904.41667
140119,6978.294118,17,20776.35294
140122,4019.428571,14,18161.35714
140127,4465.652174,23,12609.52174
140130,3727.52381,21,16320.42857
140133,4542.857143,14,15888.78571
140135,3956.935484,31,11325.58065
140145,3812.909091,11,7904.818182
140148,4139.788462,52,10652.13462
140158,5852.875,16,12873.6875
140162,4365.357143,14,14692.28571
140164,3846.666667,15,10835.66667
140172,4702.117647,17,16373.88235
140179,3936.842105,19,16945.89474
140180,7665.785714,14,34016.71429
140184,3519.545455,11,20898.45455
140185,3535.555556,27,16538.03704
140186,4443.615385,13,16676.84615
140189,3714,24,12840.875
140191,4139.9,20,15275.35
140200,3637.416667,24,21647.75
140202,4064.482759,29,18578.41379
140208,5107.928571,28,16603.21429
140209,4327.433333,30,16692.13333
140211,3697.294118,34,16388.76471
140213,3849.305556,36,14775.80556
140217,3716.6,15,22570.6
140223,5191.848485,33,15776.51515
140224,5462.65,20,16810.9
140231,3873.025,40,15163.1
140233,3562.740741,27,16638.77778
140239,4009.454545,11,14683.72727
140242,3683.65625,32,21007.90625
140250,4147.235294,17,19696.41176
140252,3990.985075,67,17087.46269
140258,4865.107143,28,17647.35714
140275,3630.411765,17,10061.29412
140276,5831.636364,11,12871.90909
140280,4054.888889,36,10146.83333
140281,5740.803922,51,22911.76471
140286,3699.5,14,14906.21429
140288,3828.710526,38,15819.18421
140290,3888.466667,15,20058.66667
140291,4103,19,13728.47368
150002,4361.095238,21,12787.52381
150009,3901.933333,15,9598.533333
150012,4209.875,16,13713.75
150017,4204.636364,22,14369.13636
150021,3997.411765,17,13998.76471
150023,4114.714286,28,15572.35714
150033,3769.73913,23,14781.91304
150034,3833.833333,12,11697.41667
150035,3796,18,20555.55556
150037,3564,11,9396
150042,3882.944444,18,9666.055556
150044,3607.947368,19,9528.315789
150048,4511.65,20,10561.05
150051,3876.333333,27,13154.74074
150056,7076.710526,38,18434.26316
150058,4220.416667,12,12587.5
150059,3607.466667,15,12953.13333
150061,3723.428571,14,7218.071429
150069,3637.692308,13,11826.30769
150082,3422.571429,35,12519.42857
150084,4661.72,50,13405.14
150088,4526.294118,17,15752.29412
150089,4530.846154,39,18983.66667
150097,4036.909091,11,12631.09091
150100,3537.772727,22,14681.22727
150109,3850,20,16319.15
150112,3824.684211,19,11126.63158
150125,3717.766667,30,13041.7
150126,3673.727273,11,11002.36364
150161,4494.818182,11,11410.63636
150169,3720,17,12262.52941
150173,4236.571429,14,23673.85714
160001,3863.181818,22,7886.727273
160024,4075,11,14883.90909
160029,3929.5,14,12317.21429
160030,3684.565217,23,12779.13043
160033,3690.190476,21,9887.333333
160045,3823.666667,27,14081.74074
160047,3589,17,14277
160057,3668.266667,15,8226.2
160058,6121.619048,21,14054.95238
160064,3926.625,32,11499.96875
160069,3252.044444,45,11749.86667
160079,3319.964286,28,11366.42857
160080,4056,12,9782.416667
160082,4242.09375,32,13611.1875
160083,4231.324324,37,12091.94595
160110,3790.037037,27,9665.481481
160117,3271.6,20,7020.05
160146,4048.95,20,9424.35
160153,3511,19,10306.57895
170012,3928.714286,14,9140.642857
170013,4458,12,15578
170020,4106.5,12,13015.91667
170040,4596.428571,14,25973.07143
170049,3621.071429,14,13683.57143
170058,4065.666667,12,15461.25
170086,3982.772727,22,18851.31818
170104,3708.074074,27,16623.37037
170120,3770.294118,17,9096.294118
170122,3923.297297,37,13545.24324
170123,4163.714286,21,27999.95238
170137,3817.833333,18,8853.166667
170142,3347.636364,11,11168.18182
170200,3985.25,12,16964.58333
180001,3967,14,9068.5
180004,3708,12,9877
180009,3884.12,25,13934.8
180010,3454.971429,35,10979.02857
180012,3402.214286,14,7611.357143
180013,3897.555556,27,12614.7037
180027,3433,19,10746.89474
180035,4165.966667,30,10293.66667
180036,3977.083333,12,10146.91667
180038,4284.090909,11,8146.545455
180040,4251.83871,31,11797.09677
180044,4514.666667,18,19024.66667
180045,3872,12,9282.583333
180048,3825.384615,13,7405.076923
180067,5836.789474,19,12361.68421
180080,3736.307692,13,15269.69231
180087,3805.5,12,7928.75
180088,4322.235294,51,12331.88235
180093,3837.857143,14,11714.85714
180102,3385,22,12047.09091
180103,3902.4,20,9614.85
180104,3412.095238,21,10647.14286
180130,3473.780488,41,9325.243902
180132,4020.911765,34,18579.32353
190002,4220.363636,22,9625.636364
190008,3768.421053,19,10539.10526
190015,4142.789474,19,22896.89474
190019,4993.666667,21,22383.90476
190026,4264.571429,21,18366.95238
190027,3271.625,16,14980.25
190036,4887.176471,17,14142.70588
190039,4014,12,14348.41667
190040,3639.733333,15,15713.06667
190041,4024.454545,22,16253.31818
190045,3650.857143,14,20453.42857
190054,3453,12,14802
190060,5049.125,16,20549.1875
190064,4117.909091,22,11804.40909
190065,4263.588235,17,9441.352941
190086,4101.333333,15,19936.06667
190102,3514.192308,26,8038.461538
190111,3938.875,32,15942.03125
190114,3782,12,7574.5
190125,3820.4,20,12666.35
190144,4189.384615,13,12242.84615
190146,3741.5,16,9556.4375
190160,3577.9375,16,17271
190167,4118.142857,14,13947.42857
190205,4239,11,23668.36364
190236,3441.5,12,14537.25
190242,4010,13,9782.692308
200001,3590,14,7836.285714
200009,4667.266667,30,9318.266667
200020,3597,15,15223.93333
200033,4213.85,20,10486.05
200037,4798.307692,13,15244.46154
200039,4142.526316,19,10584.57895
200063,4430,19,9105.631579
210001,6020.608696,23,6338.695652
210004,6686.826087,23,6936.869565
210005,5009.384615,13,5329.153846
210007,7658.4,25,8147.24
210008,7045.5,14,7495.142857
210009,11273.2,25,11880.92
210011,5611.904762,21,5970.190476
210012,7752.3125,32,8209.5625
210015,8982.75,24,9503.125
210017,4021.166667,18,4277.777778
210018,4409.025641,39,4660.487179
210019,7184.529412,17,7572.352941
210022,4297.384615,39,4510.846154
210023,5292.95122,41,5630.878049
210024,6258.916667,12,6558
210027,4680.543478,46,4977.934783
210028,4637.444444,18,4868.5
210029,6690.285714,14,7117.214286
210033,6409.923077,26,6766.346154
210034,6236.333333,12,6534.166667
210035,4923.8125,16,5238.125
210037,5695.16,25,6010.6
210040,7507.521739,23,7935.913043
210043,4926.958333,24,5136.458333
210044,6108.5,30,6498.433333
210048,5310.0625,16,5573.75
210049,3796.916667,12,4039.25
210051,4359.65,20,4577.7
210054,4184.625,16,4451.6875
210056,5329.272727,11,5546.909091
210057,5551.083333,24,5854.958333
210061,5400.214286,14,5534.642857
220002,5028.428571,28,8750.464286
220008,4130.473684,19,8596.578947
220010,4954.909091,11,9783.909091
220011,6003.705882,17,12450.64706
220012,5406.630137,73,9771.273973
220015,3806.230769,13,9561.769231
220017,6055.272727,11,7356.272727
220024,4237.428571,14,6601.214286
220029,4312.384615,13,8248.461538
220031,7648,16,9836.875
220033,4475.285714,28,7359.321429
220035,4791.794872,39,17945.25641
220046,5043.333333,36,8968.777778
220049,4397.4,15,11616.26667
220052,5124.076923,13,7403.615385
220060,4622.323529,34,6417.441176
220066,4731.809524,21,9186.666667
220067,4345,11,8977.363636
220070,4645.170213,47,6289.893617
220071,6516.424242,33,21695.78788
220073,4427.555556,18,5779.5
220074,4461.486111,72,10296.31944
220077,5784.566667,30,11837.13333
220082,4400.666667,15,7424
220084,3969.333333,18,19513.83333
220086,6902.409091,44,10495.88636
220090,4271,11,11442.36364
220100,4290.076923,39,11617.25641
220101,4395.181818,33,13592.60606
220105,3991,37,6784.081081
220110,6532.785714,42,24872.85714
220111,4831.4,15,6394.133333
220119,5032.5,16,16527.0625
220126,4116,20,8338.5
220135,4377.083333,12,10319.08333
220163,6582.833333,36,16462.41667
220171,5143.771429,35,7419.628571
220175,4689.083333,12,11058.41667
220176,5181.454545,11,9258.454545
230002,3967.692308,26,9519.384615
230004,4063.47619,21,10368.90476
230015,6394.636364,11,13676.36364
230017,4911.535714,28,13116.35714
230019,4810.705882,51,12825.68627
230020,4689.192308,26,15177.19231
230021,4182.2,20,8562
230022,3942.833333,12,8146.833333
230024,5853.933333,15,10975
230029,4905.125,16,11591.6875
230030,5675.181818,11,7870.181818
230031,3565.454545,11,10307.27273
230035,3963,12,7250.333333
230036,4387,14,12023.35714
230038,4771.057692,52,8516.865385
230040,3827.538462,13,8776.846154
230041,3795.173913,23,11834.78261
230046,7022.551724,29,18142.7931
230047,3959.222222,36,8277.055556
230053,6145.681818,22,13779.31818
230054,4579.230769,13,5873.384615
230058,4104,13,12029.53846
230059,5127.2,15,12599.6
230066,4088.75,16,7819.0625
230069,4385.166667,12,14380.33333
230070,4183.083333,24,14149.25
230072,3927,11,9564.545455
230075,3941.333333,15,9975.266667
230077,4085.214286,28,11421
230080,3489.75,16,9388.875
230081,3639.076923,13,10158.23077
230089,3955.269231,26,10174.69231
230092,3769.857143,28,16811.67857
230097,4487.25,28,12077.67857
230099,4042.307692,13,11663.07692
230104,6942.461538,13,12201.61538
230105,4367.653846,26,11518.38462
230117,4859.26087,23,14563.69565
230130,4970.448276,58,11872.93103
230141,4758.857143,21,11638.2381
230146,3995.259259,27,9022.962963
230151,5302.375,16,9517.375
230156,4176.72973,37,11600.35135
230165,5087.945946,37,12048.10811
230167,4543.590909,22,13355.45455
230195,4400.25,36,14303.08333
230197,5015.75,12,15636.75
230216,3724.777778,18,14310.55556
230217,3819.230769,13,14462.53846
230222,4355.888889,18,10439.61111
230227,4329.666667,15,9273.6
230230,4851.292683,41,17633.04878
230236,4987.75,12,9248
230244,4706.571429,21,9959.428571
230254,3860.666667,12,13072
230259,3945.714286,14,7632.571429
230269,3969.175,40,11145.8
230277,4138,14,9808
230302,3927.941176,17,12752.88235
240001,4208.333333,18,20954.94444
240002,4312.666667,24,9127.291667
240010,4967.310345,29,12202
240020,4025.636364,11,17226.09091
240036,4891,32,11907.9375
240038,4930.681818,22,17198.90909
240040,4442.454545,11,9118.636364
240044,4417.384615,13,8301.461538
240053,4198.34375,32,6719.125
240056,3796.090909,11,7882.454545
240057,5312.151515,33,20285.21212
240063,4277.823529,17,12783.11765
240064,3865.642857,14,8569.714286
240066,3695.454545,11,9855.454545
240075,4183,17,9636.588235
240078,3872.538462,26,13529.88462
240088,4716.666667,12,9469.583333
240093,4939.222222,18,10676.16667
240100,4017.352941,17,12364.82353
240104,3901.636364,11,15694.90909
240106,5367.058824,17,13067.17647
240115,4315.625,24,19314.04167
240132,5602.375,16,17871.75
240207,4097.47619,21,14837.95238
240210,4298.62963,27,11994.85185
240213,4065.555556,18,15951.61111
250001,5330.133333,15,10110.06667
250004,3846.454545,44,9233.181818
250009,3594.277778,18,15983.72222
250019,3934.375,16,26741.5625
250031,3963.666667,12,19168.08333
250034,3824,16,7808.5
250040,3612.5,20,15805
250048,3594.15,20,10261.1
250050,3668.166667,12,8464
250058,4164.5,14,14970.57143
250077,3697,20,5155.5
250078,3933.4375,16,9720.125
250082,4148.25,20,10579.25
250093,3229.538462,13,14213.92308
250094,3777.2,20,15975
250102,3440,54,12064.92593
250104,3505.68,25,11688.88
250122,3566,17,30253.94118
250138,3864.461538,13,25823.53846
260001,3576.035714,28,10991.64286
260005,3838,21,16270.42857
260006,5241.102564,39,12326.69231
260020,3857.636364,22,14718.36364
260023,3509.764706,17,10009.47059
260027,4050.181818,11,33563.63636
260032,5137,45,12507.93333
260040,3770.92,25,12320.32
260047,4027.909091,11,8758.454545
260065,3634.061224,49,13509.61224
260068,3276.259259,27,8935.814815
260077,3438.483871,31,11001.58065
260081,3342.142857,14,13336
260085,3453.75,32,17594.5625
260094,3497.909091,22,11091.86364
260095,3422,11,28450.90909
260096,3831.833333,24,18934.16667
260108,4068.704545,44,11071.63636
260110,3649.285714,14,18961.42857
260119,4060.2,15,19625.33333
260137,3870.727273,11,12912.45455
260138,4567.9375,16,15571.25
260141,4779.636364,11,14831.54545
260163,3368.5,14,7906.357143
260175,4057.5,14,12209.85714
260177,3552.833333,24,10767.70833
260179,3690.555556,36,11397.25
260180,3978,17,17879.41176
260183,3731.176471,34,16313.17647
260186,4467.923077,26,16543.73077
260193,3481.111111,18,11606.88889
260200,3522.714286,14,14261.78571
260216,3800.619048,21,22661
270004,4357.045455,22,7358.727273
270014,4055.214286,14,10174.42857
270051,3759.692308,13,10495.61538
270057,3507,14,5973.642857
280003,4203.630435,46,13654
280009,4530.857143,14,12258.78571
280013,4988.75,16,13869.5625
280020,3767.055556,36,9679.888889
280023,4309.8125,16,13259
280040,3788,24,10398.58333
280060,4537.045455,22,18415.09091
280061,5443.807692,26,14997.23077
280065,4512.928571,14,10115.57143
280077,3788.615385,13,15385.30769
280081,4322.0625,16,15271.875
290001,4380.294118,17,22061.82353
290003,4960.894737,19,32840.31579
290009,4354.944444,18,17379.38889
290012,4332.909091,11,25463.45455
290019,4865.944444,18,15450.44444
290022,3871.909091,11,28473.63636
290039,4183.842105,19,28727.42105
290041,5440.1,20,29437.4
290045,4030.157895,19,28175.15789
290053,4369.117647,17,24301
300001,4349.75,36,17347.30556
300003,6114.058824,17,13393.64706
300011,4111.217391,23,12528.21739
300012,4982.777778,27,10275.55556
300014,4059.545455,11,12925.63636
300017,3718.384615,13,15777.61538
300018,4003.692308,13,12531.76923
300020,4228.272727,11,10576.72727
300034,3810,14,16073.07143
310001,5667.138889,36,44323.47222
310002,7471.818182,11,43604.63636
310003,5829.692308,13,29453.69231
310005,4343.357143,14,15509.07143
310006,5010.4,15,21909.53333
310008,4566.458333,24,22883.83333
310009,4854.909091,11,34954.54545
310010,4989.75,24,29373.25
310011,3991,18,16112.22222
310012,4315.865385,52,21464.57692
310014,6954.5,14,32958.14286
310015,5175.233333,30,19904.8
310016,5544.6875,16,39580.625
310017,4666.35,20,27705.55
310019,5939.6875,32,34534.3125
310021,5424.363636,11,44174.18182
310022,4775.907407,54,32626.2037
310025,4475,17,80514.88235
310027,5301.928571,14,24907.85714
310032,4477.56,25,35168.76
310034,4817.555556,18,31813.38889
310038,5708.764706,34,40170.64706
310039,5123.5,18,34076.11111
310041,3868.683333,60,31971.35
310044,5739.636364,11,40048.27273
310045,5096.363636,33,34984.36364
310047,4157.8,15,33501
310048,5125,29,73611.72414
310050,4262.68,25,36464.76
310051,5061.208333,24,16336.33333
310052,3799.529412,17,31489.05882
310054,5491.230769,26,30270
310057,4384.12,25,30077.36
310061,4012.25,12,23892.75
310064,4459.419355,31,50079.09677
310070,5475.222222,18,45896.94444
310073,4657.65625,32,35760.71875
310076,5816.913043,23,37291.21739
310081,4061.615385,26,35107.46154
310084,4243.888889,18,41176.66667
310086,5107.702128,47,33886.2766
310108,4942.956522,23,39396.65217
310110,3868,21,38695.14286
310111,4237.941176,17,29285.76471
310112,3866,18,27375.83333
310113,3864,17,26295.29412
320004,5063,12,15226.66667
320006,4050.636364,11,30077
320018,4187.428571,14,16215.57143
320021,4828.702703,37,16142.32432
320063,3906.461538,13,20747.92308
320085,3770.714286,14,11876.07143
330003,3500.055556,18,7896.611111
330004,4722.47619,21,14269.28571
330005,5110.416667,48,9875.479167
330011,3628.941176,17,9498.470588
330013,5491.166667,18,21553.38889
330019,6039.631579,19,11190.42105
330023,4456.363636,33,23367.60606
330024,7663.268293,41,15255.97561
330043,5392.8125,16,20295.375
330044,3562.866667,15,12206.13333
330045,4641,29,20140.75862
330046,7583.038462,26,27687.80769
330047,3461.583333,12,11620.58333
330055,6442.741935,31,18752.67742
330057,3512,27,12974.14815
330059,8213.214286,42,30752.54762
330061,4489.136364,22,12858.40909
330078,4416.083333,12,7479.083333
330090,4087.266667,15,8793
330094,3874.75,12,9225.166667
330101,7664.519231,52,22932.78846
330103,3545.75,20,7029.4
330104,4967.391304,23,23030.04348
330106,6266.414286,70,24993.51429
330107,4542,12,21184.75
330119,6068.153846,39,35839
330125,4274.157895,19,9361.578947
330126,4482.357143,28,24158.25
330136,5785.375,16,6979.75
330140,4731.1,40,8900.05
330141,4930.333333,15,45700.93333
330153,3858.678571,28,10596.96429
330157,5700.454545,11,13357.63636
330158,4975,18,23957.55556
330159,4135.333333,15,10592.4
330160,6034.038462,26,14420.92308
330162,4405.923077,26,11053.42308
330163,3953.181818,11,6075.727273
330164,4010.176471,17,5038.823529
330167,5986.351351,37,24332.56757
330169,7396.672727,55,28389.63636
330182,4477.766667,30,21367.33333
330185,5047.636364,22,23139.77273
330188,4021.458333,24,8088.25
330191,3350.684211,19,9106.368421
330193,7443,12,16461.58333
330194,8049,39,27119.38462
330195,7286.058824,34,25960.41176
330196,7733,11,13682.81818
330198,4661.666667,24,19281.58333
330201,6575,11,32730
330203,4866,24,11803.79167
330208,6249.692308,13,17527
330211,3954,13,8861.615385
330214,6559,20,21883.35
330222,3662.888889,18,14351.5
330225,5445.5,14,16363.71429
330232,3736.25,12,14879.16667
330236,7027.806452,31,15444.29032
330239,3526,11,5863.272727
330241,5902.95,20,11676.25
330245,4092.05,20,11306.7
330250,5292.173913,23,14475.3913
330259,5685.8125,16,22766.375
330264,4895.5,12,19436.5
330267,4445.136364,22,19185.18182
330273,4324.333333,12,21913.75
330279,3682.791667,24,9133.25
330285,5846,16,9499.125
330286,4788.904762,42,28581.09524
330304,4549.815789,38,15772.02632
330306,7865.692308,13,11457
330307,4036.823529,17,5102.647059
330316,4975.6,20,13195.25
330331,5048.166667,30,18909.33333
330340,5003.444444,18,18639.55556
330350,8656.769231,13,13692.23077
330353,5670.772727,22,19791.27273
330372,4845.230769,13,25634.61538
330393,7355.470588,17,22875.64706
330394,4218.310345,29,11674.27586
330401,4179,26,27432.76923
340001,4217.064516,31,9874.354839
340002,4439.277778,54,10182.75926
340008,4075.875,16,14754.5
340010,4298.727273,11,11087.36364
340014,4455.041667,48,9949.083333
340015,6605.583333,12,13338.5
340017,3827.285714,28,9345.821429
340020,3629.117647,17,16300
340021,3934.857143,14,12002.92857
340028,4595.181818,22,16833.77273
340030,6578.692308,26,15656.15385
340032,4300.904762,42,12892.09524
340038,4100.5,12,9461.25
340039,4325.833333,12,9674.416667
340040,6294.566038,53,18439.49057
340042,4028.375,16,16422.375
340047,6792.96,25,11985.84
340050,5314.304348,23,15451.69565
340053,4651.823529,17,10000.64706
340060,3974.272727,11,12059.90909
340061,7211.055556,18,12434.77778
340068,4388.833333,12,8793.583333
340069,4764.333333,27,22020.25926
340073,3635.894737,19,12633.73684
340075,3876.083333,12,12872.5
340091,4668.958333,48,10436.625
340098,3916.333333,39,14435.76923
340099,4593.923077,13,10927.84615
340113,5796.133333,30,17269.53333
340114,3544.176471,51,12198.41176
340115,4005.16,50,10587.04
340116,3544.592593,27,18268.11111
340123,3833.545455,11,9778.363636
340129,3554.923077,13,20727.23077
340130,4243.333333,18,12008.77778
340131,4457.863636,22,7472.181818
340141,4596.730769,52,11537.15385
340142,4867.68,25,9580.64
340143,4120.647059,17,16006.29412
340147,4939.714286,21,10642.90476
340151,3900.8125,16,12234.125
340155,4968.666667,18,12599.22222
340158,3886.384615,13,11847.30769
340159,4449.5,16,7705.875
340166,4018.818182,11,16615.36364
340171,3595.235294,17,11840.11765
340173,3674.416667,24,16788.95833
340183,4145.26087,23,11153.26087
340184,3815.947368,19,9425.631579
350002,3783.923077,13,5075.538462
350006,4223.083333,12,8268.5
350011,4185.35,20,8831.45
350019,4343.111111,36,8078.777778
360001,4150.470588,17,11861.23529
360006,4203.297872,47,12877.74468
360008,4644.133333,15,9204.333333
360010,3778.411765,17,7556
360011,4230.315789,19,9083
360012,4305.631579,19,9452.526316
360013,4020.166667,12,7006.916667
360016,4635.5,16,14274.0625
360017,5117.5,12,19864.33333
360019,3984.416667,12,16972.83333
360020,4362.847826,46,18124.23913
360027,4213.148148,27,16019.85185
360035,4120.969231,65,8456.307692
360036,3588.692308,13,4125.307692
360039,4102.44,25,10430.96
360041,3372,15,9806.133333
360044,3834.909091,11,10297.09091
360051,4566.666667,24,24524.45833
360052,4130.238095,21,24063.52381
360056,3570.176471,17,12855.17647
360064,3904,23,12078.73913
360065,3635.181818,11,8927.272727
360066,3682,33,14253.84848
360070,3763.909091,11,7115.454545
360072,4006.47619,21,10585.2381
360074,4272.142857,14,19407.28571
360076,3646.416667,12,16821.5
360077,3834.4,20,16382.8
360079,4977.6,15,21115.26667
360084,3788.181818,22,5613.227273
360085,5653.388889,18,14791.83333
360086,5716.615385,13,12269.61538
360090,3503.965517,29,9817
360095,3746.416667,12,12492
360098,3358.846154,26,16083.30769
360112,5941.272727,11,26392.45455
360118,3480.625,24,11183
360121,4054,11,7139.272727
360137,5954,15,11393.46667
360141,4178.214286,14,12245
360143,3388.642857,28,14001.89286
360145,3649.666667,12,11280.91667
360147,3403,13,12707.23077
360155,3351.733333,15,14671.93333
360159,4085.235294,17,10565.29412
360172,3652.695652,23,14923.78261
360179,3997.578947,19,11506.42105
360180,5207,42,14921.30952
360218,4057.272727,11,9643.454545
360230,3405.875,24,13107.625
360234,3677,14,14091.28571
360262,3585,12,21890.5
370008,3550.47619,42,18280.64286
370013,3598.333333,66,11952.9697
370018,3718.785714,14,5922.928571
370023,3464,11,8879.272727
370028,4644.810811,37,19256.48649
370032,3624.782609,23,17523
370047,3788.916667,12,11352.66667
370078,5235.583333,12,10102.75
370091,3979.311111,45,12805.48889
370093,5660.5,12,24046.41667
370094,3509.6,20,27878.9
370106,4392.384615,13,22030
370113,3622,18,10251.77778
370114,3781.166667,36,8713.277778
370149,3759.647059,17,7862.941176
380004,4491.84,25,10049.56
380009,6495.636364,11,10597.54545
380014,4170.909091,11,13423.18182
380017,5449.866667,15,11171.06667
380018,4029.384615,13,15741.46154
380020,4038.909091,11,14655.63636
380021,4333.090909,11,17106
380038,4254.076923,13,10134.30769
380040,6502.619048,21,11075.28571
380047,4280,13,12422.30769
380050,5075,15,16721.6
380051,4587.541667,24,9566.333333
380052,4874.357143,14,9873.214286
380061,5345.95,20,10023.95
380075,4411,14,14306.64286
380089,4300.12,25,11119.28
380090,5535,13,15308
380102,4510.666667,27,11133.37037
390001,3715.647059,17,12825
390004,3415.454545,11,16384.27273
390006,6010.538462,26,20759.65385
390009,4098.95,20,12650.3
390012,3742.071429,14,23812.85714
390013,3369,27,7228.62963
390016,3748.769231,13,9012.923077
390026,4222.230769,13,35560.30769
390030,3926,11,9149.181818
390036,3846.8125,16,7407.3125
390041,3747.75,12,6576.833333
390044,4835.3,30,14009.86667
390045,3918.666667,18,12467.72222
390046,5824.793103,29,10548.48276
390048,3973.727273,11,8353.363636
390049,5150.173913,23,26505.82609
390050,5487.166667,12,16554.91667
390057,3746,11,19212.54545
390063,4711.772727,22,22169.86364
390066,3864.173913,23,17169.3913
390067,5423.521739,23,11256.6087
390073,3644.086957,23,10609.26087
390076,4314.153846,13,32436.30769
390079,4342.9375,16,11210.375
390081,4665.266667,15,48528.33333
390086,3896.545455,11,8764.090909
390091,3388.428571,14,9136.928571
390097,4111.095238,21,33696.85714
390100,4452.178571,28,13966.17857
390101,4295.545455,11,7418.909091
390102,4895.5,12,16775.75
390107,3351.8,15,17870.6
390108,4468.888889,18,37473.61111
390110,4294.333333,15,9866.133333
390111,7003.375,16,34571.4375
390113,3873.409091,22,11132.81818
390115,4916.548387,31,29038.67742
390119,4120.125,16,19744.625
390123,3748,23,35206.43478
390127,3749,15,32403.93333
390133,5030.564103,39,17395.46154
390137,3960.195652,46,18510.1087
390139,4089.142857,49,29720.71429
390142,8144.066667,15,26898.93333
390145,3394.285714,21,10024.57143
390151,3912.791667,24,13392.54167
390153,3795,29,28734.93103
390156,5952.090909,11,40761.90909
390162,4252.555556,18,32123.38889
390164,5737.32,25,22976.12
390168,3324,11,10306.18182
390174,6356.032258,31,35604.19355
390178,3589.142857,14,12716.21429
390179,4150.545455,11,17682.63636
390180,5223,22,66484.59091
390194,3462.307692,13,6864.615385
390195,4693.944444,36,27481.91667
390198,4815,11,8240.090909
390201,4600.787879,33,14415.06061
390203,4081.478261,23,15941.04348
390219,4150.909091,11,8044.636364
390222,3745.678571,28,35951.53571
390226,5134,14,28574.35714
390228,3467.384615,13,11308.69231
390231,4597.826087,46,33407.8913
390237,3655.75,12,12520.75
390256,6357.3125,16,14533.5625
390258,3716.166667,30,20889.1
390263,4349.764706,17,22496.76471
390268,3259.846154,13,11922.30769
390270,4128,13,20621.46154
410005,4032.363636,11,11168.09091
410006,3885.5,12,8652.833333
410007,6155.461538,13,17924.61538
410008,3727,12,11873.25
410009,4358.714286,14,18486.35714
410012,4704.405405,37,18054.16216
410013,3887,13,12727.23077
420002,4006.962963,27,11993.74074
420004,6681.266667,15,12753.66667
420007,4181.391304,23,15593.13043
420009,3978.458333,24,13689.29167
420010,4013.25,16,17559.625
420018,5503,17,26897.52941
420023,3468.666667,21,20835.57143
420026,3353.647059,17,9123.117647
420027,4587.5,22,24180.90909
420033,4237.25,16,16459.6875
420036,3842.166667,12,30739.25
420049,4196.96,25,14565.04
420051,4630.684211,19,23429.94737
420062,3796,16,18302.5625
420065,4590.730769,26,20961.34615
420067,4231.052632,19,13746.21053
420070,3935,15,10939.73333
420071,5474.625,16,18688.625
420073,3556.634146,41,15204.29268
420078,4652.5625,32,15407.0625
420079,3861,28,20713
420080,4965,14,17309.5
420082,4151.090909,22,16226.54545
420085,3733.75,28,21023.32143
420086,4591.666667,33,18675.84848
420087,3648.884615,26,19232.34615
420091,3811.392857,28,30378.85714
420098,3245.473684,19,11822.78947
420101,4001.769231,13,11692.69231
430005,3878.133333,15,6655.6
430014,4661.833333,12,11377.66667
430016,4368.631579,19,13161.10526
430027,4063.242424,33,14985.9697
430077,4975.133333,15,13307.8
440002,3869.342857,35,10280.14286
440003,3857.823529,17,13429.94118
440009,3916.529412,17,12039.17647
440011,3234,20,15243.5
440012,3441.434783,23,11970.52174
440015,4225.4,20,11904.8
440017,3855.285714,14,13585.92857
440029,3540.931034,29,8646.172414
440030,3556.384615,13,11685.30769
440035,3787.136364,22,23159.18182
440039,5476.133333,15,23258.73333
440048,3802.65625,32,14278.25
440049,5531.88,50,17760.78
440053,3724.5,22,10055.68182
440059,3762.25,20,10676.55
440073,3796.666667,27,7741.037037
440082,3505.642857,28,9225.75
440091,3325.2,50,12976.34
440104,4410.818182,22,12637.18182
440120,3399.133333,30,11991.7
440125,3456,13,8668.692308
440132,3148,11,10313.90909
440133,4054.75,12,11923.25
440150,3573.095238,21,19171.7619
440156,4237.818182,11,19683.90909
440161,3937.318182,22,21732.81818
440173,3565.380952,21,8461.238095
440183,4063.363636,11,30878.36364
440185,3844.647059,17,27519.47059
440228,12015.53846,13,48844.46154
450002,4596.733333,15,30798.33333
450007,3707.25,24,14176.91667
450010,4091.684211,19,19827.73684
450011,4005,23,15119.82609
450021,5009.897436,39,15011.10256
450023,3317.354839,31,16677.64516
450029,4653.26087,23,23757.91304
450033,4637.769231,13,18056.30769
450034,3526.038462,26,16605.69231
450037,3732.409091,22,15069.63636
450040,3697.909091,33,28458.39394
450042,3691.545455,22,13053.31818
450046,4140.878788,33,22822.63636
450051,5612.066667,15,18832.4
450054,5080.206897,29,9960.448276
450056,4162.510204,49,29001.67347
450058,4050.131148,61,22339.83607
450064,3723.764706,17,14126.29412
450072,3861,17,17282.11765
450083,3677.542857,35,29938.2
450087,4463.125,16,25861.25
450097,4081.058824,17,26471.41176
450101,4137.411765,17,11698.64706
450102,3524.807692,26,18741.19231
450104,3817.090909,11,8788
450107,4615.352941,17,28801.58824
450119,5110.9,20,40894.3
450128,4456.727273,11,17287.18182
450132,4790.88,25,15179.44
450133,3873.7,20,15412.95
450135,4074.52,25,15952.44
450137,4544.1875,16,14022.875
450147,3778.058824,17,28462.70588
450165,4559.5,12,21695.33333
450178,4615,13,10430.07692
450184,5188.014925,67,17471.47761
450193,5105.125,16,16246.5625
450196,3858.25,16,12451.1875
450200,3926.75,12,14154.91667
450211,3440.25,20,19744.5
450222,3976,14,30319.71429
450229,3478.961538,26,17429.15385
450231,3463.487805,41,13348.39024
450237,5470.234043,47,15770.59574
450280,4989.538462,13,15984.38462
450299,4042.333333,12,23275.66667
450324,3911.714286,14,16608.07143
450340,3709.727273,11,18971.54545
450346,3817.758621,29,16413.7931
450358,4725.153846,39,22764.33333
450388,4191.65,80,19348.6625
450389,3863.882353,17,22887.94118
450424,4367,19,32576
450431,4561.321429,28,20403.53571
450462,4039.45,20,14969.5
450563,3462,12,14855.75
450571,3594.545455,11,14495.90909
450610,4715.2,25,17488.44
450617,3844,24,31737.125
450634,3838.545455,11,27196.81818
450639,3640.285714,14,14752.85714
450651,3994,18,24696.5
450653,3905,12,16676.83333
450668,4979.846154,13,36332.07692
450678,3618.25,12,27827.66667
450711,4906.666667,12,25019.58333
450713,4209.882353,17,21618.82353
450723,5290.538462,13,17656
450747,3803.785714,14,12623.64286
450771,3596.304348,23,21046.04348
450779,3748.307692,13,16857.07692
450788,4068,20,26196.45
450801,3401.71875,32,13576.21875
450809,4269.666667,15,25128.53333
450820,4320.090909,11,20104.90909
450840,3881,12,15377.58333
450867,3579.266667,15,25435.13333
450869,5253.666667,18,15319.16667
450890,3585.285714,14,18774.35714
460004,3978,22,10106.86364
460009,5928.666667,12,10482
460010,5038.291667,24,12165.91667
460021,4472.575758,33,8929.666667
460044,4124.272727,11,11046.18182
460047,3774.909091,22,13076.40909
470003,6147.521739,23,9341.043478
470012,6414.642857,14,9984.714286
470024,5635.454545,11,7568
490004,4258.6,25,8019.84
490005,4087.230769,39,6783.025641
490007,4857.347826,23,10841.3913
490009,6782.5,18,15494.44444
490011,4016.181818,11,9965
490017,3926,15,12898.46667
490018,3909.636364,22,7487.363636
490019,3932.090909,11,15025.54545
490021,3957.612903,31,11235.06452
490022,5087.555556,27,18910.62963
490024,4852.585366,41,8245.609756
490032,7316.761905,21,18605.57143
490040,4066.875,16,12292.375
490042,3809.454545,11,10824
490043,3784.545455,11,10829.72727
490044,5523.266667,15,14752.93333
490045,4053.071429,14,12949.28571
490046,3514.068966,29,10159.41379
490048,3353.965517,29,13149.06897
490050,4208.589744,39,10722.12821
490052,5127.375,16,11516.9375
490057,3456.555556,27,13456.85185
490059,3672.75,24,17294.70833
490063,5292.785714,42,12038.92857
490066,3452.235294,17,10275.35294
490067,3903,19,26820.42105
490069,3845.217391,23,16244.47826
490077,3682.5,30,7688.533333
490079,3555.133333,15,13376
490084,4158.461538,13,12444.23077
490093,3570,15,10260.86667
490101,3913.208333,24,10288.45833
490107,3700.214286,14,20790.07143
490112,3629.219512,41,24616.87805
490113,5544.2,15,14084.93333
490115,3742,11,9705
490118,5125.526316,38,27828.92105
490119,4367.705882,17,13110.58824
490120,3517,18,9547.888889
490126,3594,11,12188.90909
500003,4248,17,14918.23529
500012,4103.571429,14,16230.07143
500014,4960,17,14204.11765
500016,4352.333333,18,8827.666667
500019,4436.727273,11,17455.81818
500021,5235,11,28155.45455
500024,4200.333333,24,16679.75
500026,5370.769231,13,17685.84615
500027,4861.416667,36,15453.61111
500030,4357.730769,26,13771.84615
500036,4671.909091,33,10663.45455
500039,5067.547619,42,16528.16667
500044,4567.208333,24,13668.45833
500050,4794.615385,13,14929.76923
500051,3849.8,25,11967.08
500053,4302.454545,11,18069.63636
500054,4837.85,20,12001.1
500058,4141,16,12960
500072,4142,16,8058.0625
500077,4109.125,16,12695.4375
500079,4114.95,20,21270.15
500088,4935.076923,26,16474.15385
500108,4600.909091,11,24490
500119,3979.75,24,12852
500124,4219.555556,18,14022.77778
500129,4883.307692,26,19741.19231
500139,4066.153846,13,16297.30769
500141,4665.666667,18,28044.77778
510001,4996.4,15,8957
510006,3935.363636,22,7832.136364
510007,3941.714286,35,8571.485714
510008,4056.307692,13,11566.92308
510022,4041.892857,28,9369
510024,3175.545455,11,9961.363636
510030,3343.285714,14,5112.357143
510047,3405,14,8832.642857
510050,3696.5,24,6232.416667
510058,3375.304348,23,13633.82609
510070,3514.529412,17,7773
520008,4089.46875,32,13444.90625
520013,4812.846154,13,13130.61538
520021,3818,13,16398.23077
520027,3605.5625,16,14282.0625
520030,4853.777778,18,8476.222222
520049,3584,11,11305.54545
520051,4723.6,15,15224.8
520063,3891,13,9660.076923
520066,3974.846154,26,10935.15385
520070,4156.411765,17,11887.23529
520075,3809.25,12,11943.33333
520083,4321.333333,33,14977.24242
520087,4423.315789,19,11975.89474
520088,3839.818182,11,17092.90909
520089,4829.65,20,13875.1
520096,4280.461538,13,11748.69231
520098,6764.777778,18,14667.72222
520100,3786.545455,11,16910.18182
520103,3604.75,16,11692.125
520138,4944.387097,31,20221.29032
520139,3808,16,13737.875
520160,3843.65,20,5381.7
520177,6130.307692,13,16364.61538
530010,5024,14,15757.78571
530012,4658.214286,14,14337.21429
530014,5830.52381,21,22671.04762
670034,3441,12,10420.83333
670055,4023.846154,13,18715
